year,disease_type,data_type,name,rate,lb,ub
2007,IBD,Incidence,Canada,27.5,27,28.1
2008,IBD,Incidence,Canada,28.6,28.1,29.200001
2009,IBD,Incidence,Canada,28.6,28.1,29.200001
2010,IBD,Incidence,Canada,28.299999,27.799999,28.9
2011,IBD,Incidence,Canada,29.299999,28.700001,29.799999
2012,IBD,Incidence,Canada,28.1,27.6,28.700001
2013,IBD,Incidence,Canada,29,28.4,29.5
2014,IBD,Incidence,Canada,29,28.5,29.6
2015,IBD,Incidence,Canada,29.1,28.1,30
2016,IBD,Incidence,Canada,29.200001,28.700001,29.700001
2017,IBD,Incidence,Canada,29.299999,28.299999,30.299999
2018,IBD,Incidence,Canada,29.4,28.5,30.299999
2019,IBD,Incidence,Canada,29.5,28.299999,30.700001
2020,IBD,Incidence,Canada,29.6,28.4,30.799999
2021,IBD,Incidence,Canada,29.700001,28.4,31.1
2022,IBD,Incidence,Canada,29.799999,28.4,31.299999
2023,IBD,Incidence,Canada,29.9,28.299999,31.5
2024,IBD,Incidence,Canada,30.1,28.299999,31.799999
2025,IBD,Incidence,Canada,30.200001,28.299999,32
2011,IBD,Incidence,Catalonia,35.900002,34.599998,37.299999
2012,IBD,Incidence,Catalonia,36,34.599998,37.299999
2013,IBD,Incidence,Catalonia,36.700001,35.299999,38.099998
2014,IBD,Incidence,Catalonia,36.400002,35.099998,37.799999
2015,IBD,Incidence,Catalonia,34.599998,33.299999,35.900002
2016,IBD,Incidence,Catalonia,33.700001,32.400002,35
2017,IBD,Incidence,Catalonia,43.5,42,45
2018,IBD,Incidence,Catalonia,40.099998,38.599998,41.5
2019,IBD,Incidence,Catalonia,39.200001,37.799999,40.599998
2020,IBD,Incidence,Catalonia,30.299999,29,31.5
2021,IBD,Incidence,Catalonia,32.400002,31.1,33.599998
2022,IBD,Incidence,Catalonia,32.799999,31.5,34.099998
2023,IBD,Incidence,Catalonia,27.299999,26.1,28.4
2024,IBD,Incidence,Catalonia,25.6,17.1,34
2025,IBD,Incidence,Catalonia,23.299999,12.3,34.200001
1990,IBD,Incidence,Denmark,17.799999,16.700001,19
1991,IBD,Incidence,Denmark,18.700001,17.5,19.9
1992,IBD,Incidence,Denmark,20.9,19.6,22.1
1993,IBD,Incidence,Denmark,29.299999,27.799999,30.700001
1994,IBD,Incidence,Denmark,30,28.6,31.5
1995,IBD,Incidence,Denmark,28.5,27,29.9
1996,IBD,Incidence,Denmark,31.299999,29.799999,32.900002
1997,IBD,Incidence,Denmark,32.400002,30.9,34
1998,IBD,Incidence,Denmark,35.400002,33.700001,37
1999,IBD,Incidence,Denmark,37.099998,35.400002,38.700001
2000,IBD,Incidence,Denmark,35.299999,33.700001,36.900002
2001,IBD,Incidence,Denmark,35.900002,34.299999,37.5
2002,IBD,Incidence,Denmark,40.700001,39,42.400002
2003,IBD,Incidence,Denmark,39.099998,37.400002,40.700001
2004,IBD,Incidence,Denmark,42.400002,40.700001,44.200001
2005,IBD,Incidence,Denmark,42,40.299999,43.700001
2006,IBD,Incidence,Denmark,41.599998,39.900002,43.299999
2007,IBD,Incidence,Denmark,41,39.299999,42.700001
2008,IBD,Incidence,Denmark,45.599998,43.799999,47.400002
2009,IBD,Incidence,Denmark,47.099998,45.299999,48.900002
2010,IBD,Incidence,Denmark,46.599998,44.799999,48.400002
2011,IBD,Incidence,Denmark,47.200001,45.400002,49
2012,IBD,Incidence,Denmark,46.200001,44.400002,48
2013,IBD,Incidence,Denmark,47.5,45.700001,49.299999
2014,IBD,Incidence,Denmark,47,45.200001,48.799999
2015,IBD,Incidence,Denmark,47.799999,46,49.599998
2016,IBD,Incidence,Denmark,48.200001,46.400002,50
2017,IBD,Incidence,Denmark,45,43.200001,46.700001
2018,IBD,Incidence,Denmark,46.799999,45.400002,48.299999
2019,IBD,Incidence,Denmark,46.799999,44.900002,48.700001
2020,IBD,Incidence,Denmark,46.799999,44.400002,49.099998
2021,IBD,Incidence,Denmark,46.700001,43.900002,49.5
2022,IBD,Incidence,Denmark,46.700001,43.5,50
2023,IBD,Incidence,Denmark,46.700001,43,50.400002
2024,IBD,Incidence,Denmark,46.700001,42.5,50.799999
2025,IBD,Incidence,Denmark,46.599998,42,51.299999
2002,IBD,Incidence,Hungary,18.4,14.1,22.799999
2003,IBD,Incidence,Hungary,23.4,18.4,28.299999
2004,IBD,Incidence,Hungary,22.1,17.299999,26.9
2005,IBD,Incidence,Hungary,18.6,14.2,23
2006,IBD,Incidence,Hungary,21.700001,16.9,26.5
2007,IBD,Incidence,Hungary,20.299999,15.6,24.9
2008,IBD,Incidence,Hungary,23.1,18.1,28
2009,IBD,Incidence,Hungary,16.200001,12,20.299999
2010,IBD,Incidence,Hungary,25.5,20.299999,30.700001
2011,IBD,Incidence,Hungary,23.6,18.5,28.6
2012,IBD,Incidence,Hungary,21.799999,17,26.700001
2013,IBD,Incidence,Hungary,21.9,17,26.799999
2014,IBD,Incidence,Hungary,22.1,17.1,27
2015,IBD,Incidence,Hungary,24,18.799999,29.1
2016,IBD,Incidence,Hungary,19.6,14.9,24.200001
2017,IBD,Incidence,Hungary,17.200001,12.8,21.6
2018,IBD,Incidence,Hungary,17.700001,13.2,22.1
2019,IBD,Incidence,Hungary,20.4,17.700001,23.200001
2020,IBD,Incidence,Hungary,20.4,17.299999,23.4
2021,IBD,Incidence,Hungary,20.299999,17,23.6
2022,IBD,Incidence,Hungary,20.200001,16.700001,23.799999
2023,IBD,Incidence,Hungary,20.200001,16.299999,24.1
2024,IBD,Incidence,Hungary,20.1,16,24.299999
2025,IBD,Incidence,Hungary,20.1,15.6,24.5
2005,IBD,Incidence,ISRAEL,32.799999,31.4,34.099998
2006,IBD,Incidence,ISRAEL,31.4,30.1,32.700001
2007,IBD,Incidence,ISRAEL,31,29.700001,32.299999
2008,IBD,Incidence,ISRAEL,31.6,30.4,32.900002
2009,IBD,Incidence,ISRAEL,29.700001,28.5,31
2010,IBD,Incidence,ISRAEL,31.700001,30.5,33
2011,IBD,Incidence,ISRAEL,29.6,28.4,30.799999
2012,IBD,Incidence,ISRAEL,31.200001,30,32.5
2013,IBD,Incidence,ISRAEL,30.6,29.4,31.799999
2014,IBD,Incidence,ISRAEL,30.6,29.4,31.799999
2015,IBD,Incidence,ISRAEL,30.700001,29.5,31.9
2016,IBD,Incidence,ISRAEL,30.6,29.5,31.799999
2017,IBD,Incidence,ISRAEL,30.799999,29.6,32
2018,IBD,Incidence,ISRAEL,30.9,29.700001,32
2019,IBD,Incidence,ISRAEL,30.299999,29.200001,31.4
2020,IBD,Incidence,ISRAEL,27.6,26.5,28.700001
2021,IBD,Incidence,ISRAEL,29.5,28.299999,30.700001
2022,IBD,Incidence,ISRAEL,29.299999,28,30.6
2023,IBD,Incidence,ISRAEL,29.200001,27.799999,30.6
2024,IBD,Incidence,ISRAEL,29,27.6,30.5
2025,IBD,Incidence,ISRAEL,28.9,27.299999,30.5
2018,IBD,Incidence,NewZealand,32.799999,28.1,37.599998
2019,IBD,Incidence,NewZealand,31.200001,26.6,35.799999
2020,IBD,Incidence,NewZealand,33.200001,28.5,37.900002
2021,IBD,Incidence,NewZealand,32,27.4,36.599998
2022,IBD,Incidence,NewZealand,32.799999,28.200001,37.5
2023,IBD,Incidence,NewZealand,30.1,25.700001,34.5
2024,IBD,Incidence,NewZealand,31,29.299999,32.799999
2025,IBD,Incidence,NewZealand,30.700001,28.5,33
2009,IBD,Incidence,Scotland,47.799999,43.099998,52.599998
2010,IBD,Incidence,Scotland,49.900002,45.099998,54.700001
2011,IBD,Incidence,Scotland,51.400002,46.5,56.200001
2012,IBD,Incidence,Scotland,53.5,48.599998,58.400002
2013,IBD,Incidence,Scotland,46.099998,41.5,50.599998
2014,IBD,Incidence,Scotland,54.200001,49.299999,59.099998
2015,IBD,Incidence,Scotland,47.5,42.799999,52.200001
2016,IBD,Incidence,Scotland,41.5,37.200001,45.700001
2017,IBD,Incidence,Scotland,44,39.599998,48.400002
2018,IBD,Incidence,Scotland,44.5,38.400002,50.5
2019,IBD,Incidence,Scotland,43.700001,36.5,50.799999
2020,IBD,Incidence,Scotland,42.900002,34.599998,51.099998
2021,IBD,Incidence,Scotland,42.099998,32.700001,51.400002
2022,IBD,Incidence,Scotland,41.299999,30.799999,51.700001
2023,IBD,Incidence,Scotland,40.5,28.9,52.099998
2024,IBD,Incidence,Scotland,39.700001,27,52.400002
2025,IBD,Incidence,Scotland,38.900002,25.1,52.700001
2004,IBD,Incidence,Sweden,37.5,36.200001,38.799999
2005,IBD,Incidence,Sweden,37.5,36.200001,38.799999
2006,IBD,Incidence,Sweden,36.700001,35.400002,37.900002
2007,IBD,Incidence,Sweden,37.299999,36,38.599998
2008,IBD,Incidence,Sweden,42.799999,41.400002,44.099998
2009,IBD,Incidence,Sweden,40,38.700001,41.299999
2010,IBD,Incidence,Sweden,37.599998,36.299999,38.900002
2011,IBD,Incidence,Sweden,40.200001,38.900002,41.5
2012,IBD,Incidence,Sweden,38.299999,37,39.5
2013,IBD,Incidence,Sweden,38,36.799999,39.299999
2014,IBD,Incidence,Sweden,38.400002,37.099998,39.700001
2015,IBD,Incidence,Sweden,36.700001,35.5,37.900002
2016,IBD,Incidence,Sweden,38.299999,37,39.5
2017,IBD,Incidence,Sweden,38.299999,37.099998,39.599998
2018,IBD,Incidence,Sweden,38,36.799999,39.200001
2019,IBD,Incidence,Sweden,43,41.700001,44.299999
2020,IBD,Incidence,Sweden,37.700001,36.5,38.900002
2021,IBD,Incidence,Sweden,38.200001,36.900002,39.400002
2022,IBD,Incidence,Sweden,39,36.799999,41.200001
2023,IBD,Incidence,Sweden,39,36.700001,41.400002
2024,IBD,Incidence,Sweden,39.099998,36.599998,41.599998
2025,IBD,Incidence,Sweden,39.099998,36.5,41.799999
1990,IBD,Incidence,USA,19.4,11.1,27.700001
1991,IBD,Incidence,USA,24.5,15.2,33.700001
1992,IBD,Incidence,USA,14,7.0999999,20.9
1993,IBD,Incidence,USA,13.9,7,20.700001
1994,IBD,Incidence,USA,16.799999,9.3000002,24.299999
1995,IBD,Incidence,USA,15,8,21.9
1996,IBD,Incidence,USA,24.299999,15.5,33
1997,IBD,Incidence,USA,20.700001,12.7,28.799999
1998,IBD,Incidence,USA,22.1,13.9,30.299999
1999,IBD,Incidence,USA,23.5,15.1,31.9
2000,IBD,Incidence,USA,16.9,9.8999996,24
2001,IBD,Incidence,USA,33.5,23.700001,43.299999
2002,IBD,Incidence,USA,29,19.9,38.099998
2003,IBD,Incidence,USA,20.9,13.3,28.6
2004,IBD,Incidence,USA,25,16.700001,33.400002
2005,IBD,Incidence,USA,22.4,14.6,30.200001
2006,IBD,Incidence,USA,24.299999,16.200001,32.299999
2007,IBD,Incidence,USA,25.299999,17.1,33.400002
2008,IBD,Incidence,USA,29,20.299999,37.700001
2009,IBD,Incidence,USA,27.799999,19.299999,36.299999
2010,IBD,Incidence,USA,19.5,12.4,26.6
2011,IBD,Incidence,USA,24.299999,16.4,32.200001
2012,IBD,Incidence,USA,27.799999,19.4,36.200001
2013,IBD,Incidence,USA,26.200001,18.1,34.299999
2014,IBD,Incidence,USA,20.9,13.7,28.1
2015,IBD,Incidence,USA,20.1,13,27.1
2016,IBD,Incidence,USA,24.1,16.5,31.799999
2017,IBD,Incidence,USA,20.299999,13.3,27.299999
2018,IBD,Incidence,USA,18.6,11.9,25.299999
2019,IBD,Incidence,USA,23.5,19.4,27.6
2020,IBD,Incidence,USA,24.6,19.5,29.799999
2021,IBD,Incidence,USA,25,19.4,30.6
2022,IBD,Incidence,USA,25.200001,19.299999,31.1
2023,IBD,Incidence,USA,25.4,19.200001,31.6
2024,IBD,Incidence,USA,25.5,19.1,32
2025,IBD,Incidence,USA,25.700001,19,32.400002
2025,IBD,Incidence,Global,31.200001,25.6,37.900002
2024,IBD,Incidence,Global,31.5,26.200001,37.900002
2023,IBD,Incidence,Global,31.700001,26.5,37.099998
2022,IBD,Incidence,Global,32.700001,27.4,38.799999
2021,IBD,Incidence,Global,32.599998,26.299999,39.099998
2020,IBD,Incidence,Global,32.299999,26.4,38.900002
2019,IBD,Incidence,Global,33.700001,26.200001,40.599998
2018,IBD,Incidence,Global,32.599998,26.299999,40.299999
2017,IBD,Incidence,Global,32.599998,25.5,40.700001
2016,IBD,Incidence,Global,33,26.5,40.5
2015,IBD,Incidence,Global,33,27.1,39.700001
2014,IBD,Incidence,Global,33.400002,25.9,41.799999
2013,IBD,Incidence,Global,34,27.799999,40.700001
2012,IBD,Incidence,Global,35.099998,28.9,43.700001
2011,IBD,Incidence,Global,34.400002,27,42.700001
2010,IBD,Incidence,Global,32.599998,24.6,42.5
2009,IBD,Incidence,Global,32.5,25.299999,40.400002
2008,IBD,Incidence,Global,32.599998,24.799999,40.700001
2007,IBD,Incidence,Global,29.9,23.799999,36.900002
2002,IBD,Prevalence,Canada,396,394,399
2003,IBD,Prevalence,Canada,422,420,425
2004,IBD,Prevalence,Canada,445,443,448
2005,IBD,Prevalence,Canada,469,466,471
2006,IBD,Prevalence,Canada,490,488,493
2007,IBD,Prevalence,Canada,511,508,513
2008,IBD,Prevalence,Canada,532,529,534
2009,IBD,Prevalence,Canada,553,550,555
2010,IBD,Prevalence,Canada,573,570,575
2011,IBD,Prevalence,Canada,594,591,597
2012,IBD,Prevalence,Canada,612,609,615
2013,IBD,Prevalence,Canada,632,629,634
2014,IBD,Prevalence,Canada,651,648,653
2015,IBD,Prevalence,Canada,672,670,674
2016,IBD,Prevalence,Canada,692,690,694
2017,IBD,Prevalence,Canada,712,710,714
2018,IBD,Prevalence,Canada,732,729,734
2019,IBD,Prevalence,Canada,752,749,755
2020,IBD,Prevalence,Canada,772,768,775
2021,IBD,Prevalence,Canada,792,788,795
2022,IBD,Prevalence,Canada,812,808,816
2023,IBD,Prevalence,Canada,832,827,836
2024,IBD,Prevalence,Canada,852,847,856
2025,IBD,Prevalence,Canada,872,867,877
2026,IBD,Prevalence,Canada,892,886,897
2027,IBD,Prevalence,Canada,912,906,917
2028,IBD,Prevalence,Canada,932,926,938
2029,IBD,Prevalence,Canada,951,945,958
2030,IBD,Prevalence,Canada,971,965,978
2031,IBD,Prevalence,Canada,991,984,998
2032,IBD,Prevalence,Canada,1011,1004,1019
2033,IBD,Prevalence,Canada,1031,1024,1039
2034,IBD,Prevalence,Canada,1051,1043,1059
2035,IBD,Prevalence,Canada,1071,1063,1080
2011,IBD,Prevalence,Catalonia,251,247,254
2012,IBD,Prevalence,Catalonia,282,278,286
2013,IBD,Prevalence,Catalonia,314,310,318
2014,IBD,Prevalence,Catalonia,346,341,350
2015,IBD,Prevalence,Catalonia,374,369,378
2016,IBD,Prevalence,Catalonia,399,394,403
2017,IBD,Prevalence,Catalonia,432,428,437
2018,IBD,Prevalence,Catalonia,460,455,465
2019,IBD,Prevalence,Catalonia,484,479,489
2020,IBD,Prevalence,Catalonia,497,492,502
2021,IBD,Prevalence,Catalonia,473,468,478
2022,IBD,Prevalence,Catalonia,493,488,498
2023,IBD,Prevalence,Catalonia,497,492,502
2024,IBD,Prevalence,Catalonia,503,467,539
2025,IBD,Prevalence,Catalonia,508,464,553
2026,IBD,Prevalence,Catalonia,514,461,567
2027,IBD,Prevalence,Catalonia,519,458,580
2028,IBD,Prevalence,Catalonia,525,455,594
2029,IBD,Prevalence,Catalonia,530,452,608
2030,IBD,Prevalence,Catalonia,535,449,622
2031,IBD,Prevalence,Catalonia,541,446,635
2032,IBD,Prevalence,Catalonia,546,443,649
2033,IBD,Prevalence,Catalonia,552,440,663
2034,IBD,Prevalence,Catalonia,557,437,677
2035,IBD,Prevalence,Catalonia,562,434,691
1990,IBD,Prevalence,Denmark,187,184,191
1991,IBD,Prevalence,Denmark,202,198,206
1992,IBD,Prevalence,Denmark,219,215,223
1993,IBD,Prevalence,Denmark,244,240,248
1994,IBD,Prevalence,Denmark,269,265,274
1995,IBD,Prevalence,Denmark,294,289,299
1996,IBD,Prevalence,Denmark,319,314,324
1997,IBD,Prevalence,Denmark,345,340,350
1998,IBD,Prevalence,Denmark,374,369,380
1999,IBD,Prevalence,Denmark,405,399,410
2000,IBD,Prevalence,Denmark,433,427,439
2001,IBD,Prevalence,Denmark,462,456,467
2002,IBD,Prevalence,Denmark,494,489,500
2003,IBD,Prevalence,Denmark,525,519,531
2004,IBD,Prevalence,Denmark,559,552,565
2005,IBD,Prevalence,Denmark,592,585,598
2006,IBD,Prevalence,Denmark,623,617,630
2007,IBD,Prevalence,Denmark,653,646,660
2008,IBD,Prevalence,Denmark,682,676,689
2009,IBD,Prevalence,Denmark,716,709,723
2010,IBD,Prevalence,Denmark,749,742,756
2011,IBD,Prevalence,Denmark,780,773,788
2012,IBD,Prevalence,Denmark,812,805,820
2013,IBD,Prevalence,Denmark,844,837,852
2014,IBD,Prevalence,Denmark,873,865,881
2015,IBD,Prevalence,Denmark,901,893,909
2016,IBD,Prevalence,Denmark,929,921,937
2017,IBD,Prevalence,Denmark,956,948,964
2018,IBD,Prevalence,Denmark,987,984,990
2019,IBD,Prevalence,Denmark,1017,1012,1023
2020,IBD,Prevalence,Denmark,1048,1040,1057
2021,IBD,Prevalence,Denmark,1079,1068,1090
2022,IBD,Prevalence,Denmark,1109,1096,1122
2023,IBD,Prevalence,Denmark,1140,1125,1155
2024,IBD,Prevalence,Denmark,1171,1153,1188
2025,IBD,Prevalence,Denmark,1201,1182,1220
2026,IBD,Prevalence,Denmark,1231,1211,1252
2027,IBD,Prevalence,Denmark,1262,1239,1285
2028,IBD,Prevalence,Denmark,1292,1268,1317
2029,IBD,Prevalence,Denmark,1323,1297,1349
2030,IBD,Prevalence,Denmark,1353,1325,1381
2031,IBD,Prevalence,Denmark,1384,1354,1413
2032,IBD,Prevalence,Denmark,1414,1383,1445
2033,IBD,Prevalence,Denmark,1444,1412,1477
2034,IBD,Prevalence,Denmark,1475,1440,1509
2035,IBD,Prevalence,Denmark,1505,1469,1541
2007,IBD,Prevalence,Hungary,396,376,417
2008,IBD,Prevalence,Hungary,415,394,436
2009,IBD,Prevalence,Hungary,424,403,446
2010,IBD,Prevalence,Hungary,443,421,465
2011,IBD,Prevalence,Hungary,461,439,484
2012,IBD,Prevalence,Hungary,479,456,502
2013,IBD,Prevalence,Hungary,497,474,520
2014,IBD,Prevalence,Hungary,516,492,539
2015,IBD,Prevalence,Hungary,534,510,559
2016,IBD,Prevalence,Hungary,548,523,573
2017,IBD,Prevalence,Hungary,561,536,586
2018,IBD,Prevalence,Hungary,581,578,584
2019,IBD,Prevalence,Hungary,598,594,602
2020,IBD,Prevalence,Hungary,615,611,619
2021,IBD,Prevalence,Hungary,632,627,637
2022,IBD,Prevalence,Hungary,649,644,654
2023,IBD,Prevalence,Hungary,666,660,672
2024,IBD,Prevalence,Hungary,683,677,689
2025,IBD,Prevalence,Hungary,700,693,706
2026,IBD,Prevalence,Hungary,717,710,724
2027,IBD,Prevalence,Hungary,734,726,741
2028,IBD,Prevalence,Hungary,751,743,759
2029,IBD,Prevalence,Hungary,768,759,776
2030,IBD,Prevalence,Hungary,785,776,794
2031,IBD,Prevalence,Hungary,802,792,811
2032,IBD,Prevalence,Hungary,819,809,829
2033,IBD,Prevalence,Hungary,836,825,846
2034,IBD,Prevalence,Hungary,853,842,863
2035,IBD,Prevalence,Hungary,870,858,881
2005,IBD,Prevalence,ISRAEL,384,379,388
2006,IBD,Prevalence,ISRAEL,410,405,415
2007,IBD,Prevalence,ISRAEL,435,430,440
2008,IBD,Prevalence,ISRAEL,453,448,458
2009,IBD,Prevalence,ISRAEL,476,471,481
2010,IBD,Prevalence,ISRAEL,499,494,504
2011,IBD,Prevalence,ISRAEL,521,516,526
2012,IBD,Prevalence,ISRAEL,544,539,549
2013,IBD,Prevalence,ISRAEL,566,561,571
2014,IBD,Prevalence,ISRAEL,586,581,592
2015,IBD,Prevalence,ISRAEL,607,601,612
2016,IBD,Prevalence,ISRAEL,626,621,631
2017,IBD,Prevalence,ISRAEL,646,640,651
2018,IBD,Prevalence,ISRAEL,664,659,670
2019,IBD,Prevalence,ISRAEL,682,677,688
2020,IBD,Prevalence,ISRAEL,699,693,704
2021,IBD,Prevalence,ISRAEL,717,715,719
2022,IBD,Prevalence,ISRAEL,737,732,742
2023,IBD,Prevalence,ISRAEL,757,750,763
2024,IBD,Prevalence,ISRAEL,776,768,785
2025,IBD,Prevalence,ISRAEL,796,787,805
2026,IBD,Prevalence,ISRAEL,816,805,826
2027,IBD,Prevalence,ISRAEL,835,824,846
2028,IBD,Prevalence,ISRAEL,854,842,867
2029,IBD,Prevalence,ISRAEL,874,860,887
2030,IBD,Prevalence,ISRAEL,893,879,907
2031,IBD,Prevalence,ISRAEL,913,897,928
2032,IBD,Prevalence,ISRAEL,932,916,948
2033,IBD,Prevalence,ISRAEL,951,934,969
2034,IBD,Prevalence,ISRAEL,971,952,989
2035,IBD,Prevalence,ISRAEL,990,970,1009
2009,IBD,Prevalence,Scotland,614,597,631
2010,IBD,Prevalence,Scotland,641,624,658
2011,IBD,Prevalence,Scotland,669,652,687
2012,IBD,Prevalence,Scotland,699,681,717
2013,IBD,Prevalence,Scotland,721,703,739
2014,IBD,Prevalence,Scotland,749,730,767
2015,IBD,Prevalence,Scotland,772,754,791
2016,IBD,Prevalence,Scotland,787,768,805
2017,IBD,Prevalence,Scotland,806,788,825
2018,IBD,Prevalence,Scotland,832,825,840
2019,IBD,Prevalence,Scotland,858,845,870
2020,IBD,Prevalence,Scotland,883,866,900
2021,IBD,Prevalence,Scotland,908,887,929
2022,IBD,Prevalence,Scotland,932,908,957
2023,IBD,Prevalence,Scotland,957,929,984
2024,IBD,Prevalence,Scotland,981,951,1012
2025,IBD,Prevalence,Scotland,1005,972,1039
2026,IBD,Prevalence,Scotland,1030,994,1066
2027,IBD,Prevalence,Scotland,1054,1015,1093
2028,IBD,Prevalence,Scotland,1078,1037,1120
2029,IBD,Prevalence,Scotland,1102,1058,1146
2030,IBD,Prevalence,Scotland,1127,1080,1173
2031,IBD,Prevalence,Scotland,1151,1102,1200
2032,IBD,Prevalence,Scotland,1175,1123,1227
2033,IBD,Prevalence,Scotland,1199,1145,1254
2034,IBD,Prevalence,Scotland,1224,1166,1281
2035,IBD,Prevalence,Scotland,1248,1188,1308
2004,IBD,Prevalence,Sweden,547,542,552
2005,IBD,Prevalence,Sweden,575,570,580
2006,IBD,Prevalence,Sweden,602,597,608
2007,IBD,Prevalence,Sweden,627,622,632
2008,IBD,Prevalence,Sweden,651,646,656
2009,IBD,Prevalence,Sweden,680,675,685
2010,IBD,Prevalence,Sweden,705,699,710
2011,IBD,Prevalence,Sweden,727,722,733
2012,IBD,Prevalence,Sweden,752,746,757
2013,IBD,Prevalence,Sweden,774,769,780
2014,IBD,Prevalence,Sweden,796,790,801
2015,IBD,Prevalence,Sweden,815,809,821
2016,IBD,Prevalence,Sweden,832,826,837
2017,IBD,Prevalence,Sweden,848,843,854
2018,IBD,Prevalence,Sweden,866,860,871
2019,IBD,Prevalence,Sweden,883,877,888
2020,IBD,Prevalence,Sweden,905,900,911
2021,IBD,Prevalence,Sweden,926,920,932
2022,IBD,Prevalence,Sweden,944,938,950
2023,IBD,Prevalence,Sweden,962,957,967
2024,IBD,Prevalence,Sweden,981,974,988
2025,IBD,Prevalence,Sweden,1000,992,1008
2026,IBD,Prevalence,Sweden,1019,1010,1028
2027,IBD,Prevalence,Sweden,1038,1028,1048
2028,IBD,Prevalence,Sweden,1057,1046,1067
2029,IBD,Prevalence,Sweden,1076,1064,1087
2030,IBD,Prevalence,Sweden,1095,1083,1107
2031,IBD,Prevalence,Sweden,1114,1101,1127
2032,IBD,Prevalence,Sweden,1133,1119,1146
2033,IBD,Prevalence,Sweden,1151,1137,1166
2034,IBD,Prevalence,Sweden,1170,1155,1186
2035,IBD,Prevalence,Sweden,1189,1173,1205
2000,IBD,Prevalence,USA,462,425,499
2001,IBD,Prevalence,USA,471,434,508
2002,IBD,Prevalence,USA,480,443,517
2003,IBD,Prevalence,USA,489,452,526
2004,IBD,Prevalence,USA,498,461,535
2005,IBD,Prevalence,USA,507,470,545
2006,IBD,Prevalence,USA,513,476,550
2007,IBD,Prevalence,USA,518,481,555
2008,IBD,Prevalence,USA,523,486,561
2009,IBD,Prevalence,USA,529,492,566
2010,IBD,Prevalence,USA,534,497,571
2011,IBD,Prevalence,USA,537,500,574
2012,IBD,Prevalence,USA,539,502,576
2013,IBD,Prevalence,USA,541,505,578
2014,IBD,Prevalence,USA,544,507,581
2015,IBD,Prevalence,USA,546,510,583
2016,IBD,Prevalence,USA,554,517,591
2017,IBD,Prevalence,USA,562,525,599
2018,IBD,Prevalence,USA,570,533,606
2019,IBD,Prevalence,USA,577,540,614
2020,IBD,Prevalence,USA,585,548,622
2021,IBD,Prevalence,USA,592,590,594
2022,IBD,Prevalence,USA,598,594,603
2023,IBD,Prevalence,USA,604,597,611
2024,IBD,Prevalence,USA,610,601,620
2025,IBD,Prevalence,USA,617,605,629
2026,IBD,Prevalence,USA,623,608,637
2027,IBD,Prevalence,USA,629,612,645
2028,IBD,Prevalence,USA,635,616,654
2029,IBD,Prevalence,USA,641,620,662
2030,IBD,Prevalence,USA,647,624,670
2031,IBD,Prevalence,USA,653,629,678
2032,IBD,Prevalence,USA,660,633,686
2033,IBD,Prevalence,USA,666,637,694
2034,IBD,Prevalence,USA,672,641,702
2035,IBD,Prevalence,USA,678,645,710
2035,IBD,Prevalence,Global,1007,894,1221
2034,IBD,Prevalence,Global,953,847,1144
2033,IBD,Prevalence,Global,939,794,1285
2032,IBD,Prevalence,Global,883,707,1130
2031,IBD,Prevalence,Global,909,741,1149
2030,IBD,Prevalence,Global,881,757,1034
2029,IBD,Prevalence,Global,828,714,959
2028,IBD,Prevalence,Global,864,769,1036
2027,IBD,Prevalence,Global,838,700,995
2026,IBD,Prevalence,Global,845,736,991
2025,IBD,Prevalence,Global,806,686,899
2024,IBD,Prevalence,Global,812,703,992
2023,IBD,Prevalence,Global,816,682,990
2022,IBD,Prevalence,Global,769,614,888
2021,IBD,Prevalence,Global,725,591,894
2020,IBD,Prevalence,Global,726,590,940
2019,IBD,Prevalence,Global,700,554,849
2018,IBD,Prevalence,Global,685,596,831
2017,IBD,Prevalence,Global,667,570,837
2016,IBD,Prevalence,Global,642,570,750
2015,IBD,Prevalence,Global,649,564,836
2014,IBD,Prevalence,Global,615,524,789
2013,IBD,Prevalence,Global,588,501,689
2012,IBD,Prevalence,Global,577,461,763
2011,IBD,Prevalence,Global,547,392,710
2010,IBD,Prevalence,Global,562,478,645
2009,IBD,Prevalence,Global,568,490,667
2008,IBD,Prevalence,Global,534,473,605
2007,IBD,Prevalence,Global,521,439,602
2007,UC,Incidence,Canada,14,13.6,14.4
2008,UC,Incidence,Canada,14.8,14.4,15.2
2009,UC,Incidence,Canada,14.9,14.4,15.3
2010,UC,Incidence,Canada,15,14.6,15.4
2011,UC,Incidence,Canada,15.2,14.8,15.6
2012,UC,Incidence,Canada,15.1,14.7,15.5
2013,UC,Incidence,Canada,15.6,15.2,16
2014,UC,Incidence,Canada,15.5,15.1,16
2015,UC,Incidence,Canada,15.9,15.4,16.5
2016,UC,Incidence,Canada,15.9,15.7,16.200001
2017,UC,Incidence,Canada,16.200001,15.7,16.799999
2018,UC,Incidence,Canada,16.299999,15.9,16.799999
2019,UC,Incidence,Canada,16.6,15.9,17.200001
2020,UC,Incidence,Canada,16.700001,16.1,17.299999
2021,UC,Incidence,Canada,16.9,16.200001,17.6
2022,UC,Incidence,Canada,17,16.299999,17.799999
2023,UC,Incidence,Canada,17.200001,16.4,18.1
2024,UC,Incidence,Canada,17.4,16.5,18.299999
2025,UC,Incidence,Canada,17.6,16.6,18.5
2011,UC,Incidence,Catalonia,23.700001,22.6,24.799999
2012,UC,Incidence,Catalonia,24.299999,23.200001,25.4
2013,UC,Incidence,Catalonia,23.200001,22.1,24.200001
2014,UC,Incidence,Catalonia,23.4,22.299999,24.5
2015,UC,Incidence,Catalonia,21,19.9,22
2016,UC,Incidence,Catalonia,21.200001,20.200001,22.200001
2017,UC,Incidence,Catalonia,26.5,25.299999,27.6
2018,UC,Incidence,Catalonia,25.6,24.4,26.700001
2019,UC,Incidence,Catalonia,25.9,24.799999,27.1
2020,UC,Incidence,Catalonia,20.299999,19.299999,21.299999
2021,UC,Incidence,Catalonia,21.6,20.5,22.6
2022,UC,Incidence,Catalonia,21.799999,20.799999,22.799999
2023,UC,Incidence,Catalonia,17.6,16.700001,18.6
2024,UC,Incidence,Catalonia,20.799999,17.700001,24
2025,UC,Incidence,Catalonia,20.6,16.799999,24.299999
1990,UC,Incidence,Denmark,11.2,10.3,12.1
1991,UC,Incidence,Denmark,11.8,10.8,12.7
1992,UC,Incidence,Denmark,13.2,12.2,14.2
1993,UC,Incidence,Denmark,19.299999,18.200001,20.5
1994,UC,Incidence,Denmark,19.9,18.700001,21.1
1995,UC,Incidence,Denmark,19.9,18.6,21.1
1996,UC,Incidence,Denmark,20.5,19.299999,21.700001
1997,UC,Incidence,Denmark,20.6,19.4,21.9
1998,UC,Incidence,Denmark,23.9,22.6,25.200001
1999,UC,Incidence,Denmark,24.4,23.1,25.799999
2000,UC,Incidence,Denmark,24.299999,23,25.700001
2001,UC,Incidence,Denmark,24.700001,23.299999,26
2002,UC,Incidence,Denmark,28,26.6,29.4
2003,UC,Incidence,Denmark,26.799999,25.4,28.200001
2004,UC,Incidence,Denmark,29.5,28.1,31
2005,UC,Incidence,Denmark,28.700001,27.299999,30.200001
2006,UC,Incidence,Denmark,28.6,27.200001,30.1
2007,UC,Incidence,Denmark,28.200001,26.799999,29.6
2008,UC,Incidence,Denmark,32,30.5,33.5
2009,UC,Incidence,Denmark,33.700001,32.200001,35.200001
2010,UC,Incidence,Denmark,32.099998,30.6,33.599998
2011,UC,Incidence,Denmark,32.400002,30.9,33.900002
2012,UC,Incidence,Denmark,31.299999,29.799999,32.700001
2013,UC,Incidence,Denmark,32.400002,30.9,33.900002
2014,UC,Incidence,Denmark,31,29.6,32.5
2015,UC,Incidence,Denmark,31.200001,29.700001,32.599998
2016,UC,Incidence,Denmark,30.5,29.1,31.9
2017,UC,Incidence,Denmark,29.299999,27.9,30.700001
2018,UC,Incidence,Denmark,30.1,29.1,31.1
2019,UC,Incidence,Denmark,29,28.4,29.6
2020,UC,Incidence,Denmark,29.1,28.1,30.1
2021,UC,Incidence,Denmark,28.4,27.5,29.299999
2022,UC,Incidence,Denmark,28.200001,27.1,29.4
2023,UC,Incidence,Denmark,27.700001,26.5,28.9
2024,UC,Incidence,Denmark,27.4,26.1,28.799999
2025,UC,Incidence,Denmark,27,25.6,28.4
2002,UC,Incidence,Hungary,11.5,8.1000004,14.9
2003,UC,Incidence,Hungary,14.9,11,18.9
2004,UC,Incidence,Hungary,12.6,8.8999996,16.200001
2005,UC,Incidence,Hungary,10.4,7.0999999,13.7
2006,UC,Incidence,Hungary,10.5,7.0999999,13.8
2007,UC,Incidence,Hungary,11.8,8.1999998,15.3
2008,UC,Incidence,Hungary,13.6,9.8000002,17.4
2009,UC,Incidence,Hungary,9.8000002,6.5999999,13
2010,UC,Incidence,Hungary,10.6,7.1999998,14
2011,UC,Incidence,Hungary,10.1,6.8000002,13.4
2012,UC,Incidence,Hungary,9.3999996,6.1999998,12.5
2013,UC,Incidence,Hungary,12.3,8.6000004,16
2014,UC,Incidence,Hungary,10.5,7.0999999,13.9
2015,UC,Incidence,Hungary,13.9,10,17.799999
2016,UC,Incidence,Hungary,11.6,8,15.2
2017,UC,Incidence,Hungary,9.3000002,6.0999999,12.5
2018,UC,Incidence,Hungary,10,6.5999999,13.4
2019,UC,Incidence,Hungary,10.3,8.5,12.1
2020,UC,Incidence,Hungary,10.2,8.3000002,12.2
2021,UC,Incidence,Hungary,10.1,8,12.2
2022,UC,Incidence,Hungary,10,7.6999998,12.2
2023,UC,Incidence,Hungary,9.8999996,7.5,12.3
2024,UC,Incidence,Hungary,9.8000002,7.1999998,12.3
2025,UC,Incidence,Hungary,9.6000004,6.9000001,12.4
2005,UC,Incidence,ISRAEL,16.6,15.6,17.5
2006,UC,Incidence,ISRAEL,15.3,14.4,16.200001
2007,UC,Incidence,ISRAEL,15.2,14.3,16.1
2008,UC,Incidence,ISRAEL,15.5,14.6,16.4
2009,UC,Incidence,ISRAEL,13.7,12.9,14.5
2010,UC,Incidence,ISRAEL,14.6,13.8,15.5
2011,UC,Incidence,ISRAEL,13.8,13,14.6
2012,UC,Incidence,ISRAEL,13.6,12.7,14.4
2013,UC,Incidence,ISRAEL,13.7,12.9,14.5
2014,UC,Incidence,ISRAEL,13.4,12.6,14.2
2015,UC,Incidence,ISRAEL,13.4,12.6,14.2
2016,UC,Incidence,ISRAEL,12.4,11.6,13.1
2017,UC,Incidence,ISRAEL,13.4,12.6,14.1
2018,UC,Incidence,ISRAEL,12.9,12.2,13.7
2019,UC,Incidence,ISRAEL,13.1,12.4,13.9
2020,UC,Incidence,ISRAEL,11.8,11.1,12.5
2021,UC,Incidence,ISRAEL,11.9,11.3,12.4
2022,UC,Incidence,ISRAEL,11.6,11,12.2
2023,UC,Incidence,ISRAEL,11.4,10.8,12.1
2024,UC,Incidence,ISRAEL,11.2,10.5,11.9
2025,UC,Incidence,ISRAEL,10.9,10.2,11.7
2018,UC,Incidence,NewZealand,13.3,10.3,16.299999
2019,UC,Incidence,NewZealand,13.9,10.8,17
2020,UC,Incidence,NewZealand,14.4,11.4,17.5
2021,UC,Incidence,NewZealand,16.700001,13.4,20
2022,UC,Incidence,NewZealand,16,12.8,19.299999
2023,UC,Incidence,NewZealand,15.3,12.2,18.4
2024,UC,Incidence,NewZealand,16.9,8.5,25.299999
2025,UC,Incidence,NewZealand,17.5,6.3000002,28.6
2009,UC,Incidence,Scotland,31,27.200001,34.799999
2010,UC,Incidence,Scotland,30.200001,26.4,33.900002
2011,UC,Incidence,Scotland,32.5,28.6,36.299999
2012,UC,Incidence,Scotland,35.799999,31.799999,39.900002
2013,UC,Incidence,Scotland,30.1,26.4,33.799999
2014,UC,Incidence,Scotland,36.700001,32.700001,40.799999
2015,UC,Incidence,Scotland,33.200001,29.200001,37.099998
2016,UC,Incidence,Scotland,28.1,24.6,31.6
2017,UC,Incidence,Scotland,29.5,25.9,33
2018,UC,Incidence,Scotland,31.1,26.4,35.799999
2019,UC,Incidence,Scotland,30.9,25.299999,36.5
2020,UC,Incidence,Scotland,30.700001,24.1,37.299999
2021,UC,Incidence,Scotland,30.6,23,38.200001
2022,UC,Incidence,Scotland,30.4,21.799999,39
2023,UC,Incidence,Scotland,30.200001,20.700001,39.799999
2024,UC,Incidence,Scotland,30.1,19.5,40.599998
2025,UC,Incidence,Scotland,29.9,18.299999,41.5
2004,UC,Incidence,Sweden,26,24.9,27.1
2005,UC,Incidence,Sweden,25.700001,24.6,26.799999
2006,UC,Incidence,Sweden,25.700001,24.6,26.700001
2007,UC,Incidence,Sweden,26.200001,25.1,27.299999
2008,UC,Incidence,Sweden,30.200001,29,31.299999
2009,UC,Incidence,Sweden,28,26.9,29.1
2010,UC,Incidence,Sweden,26.5,25.4,27.5
2011,UC,Incidence,Sweden,28.1,27,29.200001
2012,UC,Incidence,Sweden,27,25.9,28
2013,UC,Incidence,Sweden,26.200001,25.200001,27.299999
2014,UC,Incidence,Sweden,25.9,24.9,27
2015,UC,Incidence,Sweden,24.9,23.9,25.9
2016,UC,Incidence,Sweden,26.1,25,27.1
2017,UC,Incidence,Sweden,25.4,24.299999,26.4
2018,UC,Incidence,Sweden,25.299999,24.299999,26.299999
2019,UC,Incidence,Sweden,29.200001,28.1,30.299999
2020,UC,Incidence,Sweden,25.200001,24.200001,26.200001
2021,UC,Incidence,Sweden,25.5,24.5,26.5
2022,UC,Incidence,Sweden,26,24.200001,27.700001
2023,UC,Incidence,Sweden,25.9,24.1,27.799999
2024,UC,Incidence,Sweden,25.9,23.9,27.799999
2025,UC,Incidence,Sweden,25.799999,23.700001,27.9
1990,UC,Incidence,USA,10,4,15.9
1991,UC,Incidence,USA,17,9.3000002,24.700001
1992,UC,Incidence,USA,8.6999998,3.2,14.1
1993,UC,Incidence,USA,8.6000004,3.2,13.9
1994,UC,Incidence,USA,10.5,4.5999999,16.4
1995,UC,Incidence,USA,7.5,2.5999999,12.5
1996,UC,Incidence,USA,8.8999996,3.5999999,14.2
1997,UC,Incidence,USA,11.4,5.5,17.4
1998,UC,Incidence,USA,10.8,5.0999999,16.6
1999,UC,Incidence,USA,12.2,6.0999999,18.200001
2000,UC,Incidence,USA,8.8999996,3.8,14
2001,UC,Incidence,USA,19.200001,11.8,26.700001
2002,UC,Incidence,USA,17.299999,10.3,24.299999
2003,UC,Incidence,USA,10.4,5,15.9
2004,UC,Incidence,USA,12.5,6.5999999,18.299999
2005,UC,Incidence,USA,8.5,3.7,13.3
2006,UC,Incidence,USA,17.9,11,24.9
2007,UC,Incidence,USA,12.4,6.6999998,18.1
2008,UC,Incidence,USA,16,9.5,22.4
2009,UC,Incidence,USA,14.2,8.1000004,20.200001
2010,UC,Incidence,USA,13.7,7.8000002,19.700001
2011,UC,Incidence,USA,11.9,6.4000001,17.4
2012,UC,Incidence,USA,15.4,9.1999998,21.700001
2013,UC,Incidence,USA,15.7,9.3999996,22
2014,UC,Incidence,USA,14.7,8.6999998,20.700001
2015,UC,Incidence,USA,11.7,6.3000002,17.1
2016,UC,Incidence,USA,13.7,7.9000001,19.4
2017,UC,Incidence,USA,13.9,8.1000004,19.700001
2018,UC,Incidence,USA,10.7,5.5999999,15.8
2019,UC,Incidence,USA,7,2.9000001,11.1
2020,UC,Incidence,USA,13.7,11,16.4
2021,UC,Incidence,USA,13.8,10.9,16.700001
2022,UC,Incidence,USA,13.9,10.8,16.9
2023,UC,Incidence,USA,13.9,10.7,17.200001
2024,UC,Incidence,USA,14,10.6,17.4
2025,UC,Incidence,USA,14.1,10.6,17.700001
2025,UC,Incidence,Global,18.6,14.2,23.6
2024,UC,Incidence,Global,18.799999,14.7,23.799999
2023,UC,Incidence,Global,18.4,14.6,23.6
2022,UC,Incidence,Global,18.9,14.3,24.200001
2021,UC,Incidence,Global,18.700001,13.9,23.9
2020,UC,Incidence,Global,18.5,14.3,23.799999
2019,UC,Incidence,Global,18.6,13.9,24.1
2018,UC,Incidence,Global,18.5,13.7,24.200001
2017,UC,Incidence,Global,19.299999,14.4,25.4
2016,UC,Incidence,Global,19.200001,14.4,25.200001
2015,UC,Incidence,Global,19.9,15.4,26.4
2014,UC,Incidence,Global,20.299999,15.1,26.4
2013,UC,Incidence,Global,20.4,15.5,26.799999
2012,UC,Incidence,Global,20.4,15.3,27.5
2011,UC,Incidence,Global,20.200001,15.3,26.9
2010,UC,Incidence,Global,19,13.7,25.299999
2009,UC,Incidence,Global,19.200001,13.7,27
2008,UC,Incidence,Global,18.9,12.5,25.9
2007,UC,Incidence,Global,17,11.2,23.200001
2002,UC,Prevalence,Canada,187,185,188
2003,UC,Prevalence,Canada,200,198,201
2004,UC,Prevalence,Canada,211,209,213
2005,UC,Prevalence,Canada,223,221,225
2006,UC,Prevalence,Canada,234,232,236
2007,UC,Prevalence,Canada,244,243,246
2008,UC,Prevalence,Canada,255,254,257
2009,UC,Prevalence,Canada,266,264,268
2010,UC,Prevalence,Canada,277,275,279
2011,UC,Prevalence,Canada,288,286,290
2012,UC,Prevalence,Canada,298,296,300
2013,UC,Prevalence,Canada,309,307,311
2014,UC,Prevalence,Canada,320,318,322
2015,UC,Prevalence,Canada,332,330,333
2016,UC,Prevalence,Canada,343,341,344
2017,UC,Prevalence,Canada,354,352,355
2018,UC,Prevalence,Canada,365,363,367
2019,UC,Prevalence,Canada,376,374,378
2020,UC,Prevalence,Canada,387,385,389
2021,UC,Prevalence,Canada,398,395,400
2022,UC,Prevalence,Canada,409,406,411
2023,UC,Prevalence,Canada,420,417,422
2024,UC,Prevalence,Canada,431,428,433
2025,UC,Prevalence,Canada,442,439,445
2026,UC,Prevalence,Canada,453,449,456
2027,UC,Prevalence,Canada,464,460,467
2028,UC,Prevalence,Canada,475,471,478
2029,UC,Prevalence,Canada,486,482,489
2030,UC,Prevalence,Canada,497,493,500
2031,UC,Prevalence,Canada,508,504,512
2032,UC,Prevalence,Canada,519,514,523
2033,UC,Prevalence,Canada,530,525,534
2034,UC,Prevalence,Canada,541,536,545
2035,UC,Prevalence,Canada,552,547,556
2011,UC,Prevalence,Catalonia,159,156,162
2012,UC,Prevalence,Catalonia,180,177,183
2013,UC,Prevalence,Catalonia,200,197,203
2014,UC,Prevalence,Catalonia,220,217,223
2015,UC,Prevalence,Catalonia,236,233,240
2016,UC,Prevalence,Catalonia,252,248,255
2017,UC,Prevalence,Catalonia,272,268,275
2018,UC,Prevalence,Catalonia,289,285,293
2019,UC,Prevalence,Catalonia,306,302,310
2020,UC,Prevalence,Catalonia,315,311,319
2021,UC,Prevalence,Catalonia,294,290,298
2022,UC,Prevalence,Catalonia,306,303,310
2023,UC,Prevalence,Catalonia,308,304,312
2024,UC,Prevalence,Catalonia,311,281,340
2025,UC,Prevalence,Catalonia,313,277,349
2026,UC,Prevalence,Catalonia,315,273,358
2027,UC,Prevalence,Catalonia,317,268,367
2028,UC,Prevalence,Catalonia,320,264,376
2029,UC,Prevalence,Catalonia,322,259,384
2030,UC,Prevalence,Catalonia,324,255,393
2031,UC,Prevalence,Catalonia,326,250,402
2032,UC,Prevalence,Catalonia,328,246,411
2033,UC,Prevalence,Catalonia,331,241,420
2034,UC,Prevalence,Catalonia,333,236,429
2035,UC,Prevalence,Catalonia,335,232,438
1990,UC,Prevalence,Denmark,115,112,118
1991,UC,Prevalence,Denmark,124,121,127
1992,UC,Prevalence,Denmark,135,132,138
1993,UC,Prevalence,Denmark,152,149,156
1994,UC,Prevalence,Denmark,170,166,173
1995,UC,Prevalence,Denmark,187,184,191
1996,UC,Prevalence,Denmark,204,200,208
1997,UC,Prevalence,Denmark,221,217,225
1998,UC,Prevalence,Denmark,241,237,245
1999,UC,Prevalence,Denmark,262,257,266
2000,UC,Prevalence,Denmark,281,277,286
2001,UC,Prevalence,Denmark,302,297,306
2002,UC,Prevalence,Denmark,325,320,330
2003,UC,Prevalence,Denmark,346,341,351
2004,UC,Prevalence,Denmark,370,364,375
2005,UC,Prevalence,Denmark,393,388,398
2006,UC,Prevalence,Denmark,415,410,421
2007,UC,Prevalence,Denmark,436,430,442
2008,UC,Prevalence,Denmark,457,451,463
2009,UC,Prevalence,Denmark,482,476,487
2010,UC,Prevalence,Denmark,505,499,511
2011,UC,Prevalence,Denmark,526,520,533
2012,UC,Prevalence,Denmark,548,542,554
2013,UC,Prevalence,Denmark,570,564,576
2014,UC,Prevalence,Denmark,588,582,595
2015,UC,Prevalence,Denmark,607,600,613
2016,UC,Prevalence,Denmark,624,617,630
2017,UC,Prevalence,Denmark,641,635,648
2018,UC,Prevalence,Denmark,662,659,664
2019,UC,Prevalence,Denmark,682,677,687
2020,UC,Prevalence,Denmark,702,695,710
2021,UC,Prevalence,Denmark,722,713,732
2022,UC,Prevalence,Denmark,743,731,754
2023,UC,Prevalence,Denmark,763,750,776
2024,UC,Prevalence,Denmark,783,768,797
2025,UC,Prevalence,Denmark,803,786,819
2026,UC,Prevalence,Denmark,823,805,840
2027,UC,Prevalence,Denmark,843,823,862
2028,UC,Prevalence,Denmark,863,842,883
2029,UC,Prevalence,Denmark,883,860,905
2030,UC,Prevalence,Denmark,902,879,926
2031,UC,Prevalence,Denmark,922,897,947
2032,UC,Prevalence,Denmark,942,916,969
2033,UC,Prevalence,Denmark,962,935,990
2034,UC,Prevalence,Denmark,982,953,1011
2035,UC,Prevalence,Denmark,1002,972,1033
2007,UC,Prevalence,Hungary,242,226,258
2008,UC,Prevalence,Hungary,253,236,269
2009,UC,Prevalence,Hungary,259,242,275
2010,UC,Prevalence,Hungary,265,248,282
2011,UC,Prevalence,Hungary,272,255,289
2012,UC,Prevalence,Hungary,279,262,297
2013,UC,Prevalence,Hungary,289,272,307
2014,UC,Prevalence,Hungary,298,280,316
2015,UC,Prevalence,Hungary,310,291,328
2016,UC,Prevalence,Hungary,316,298,335
2017,UC,Prevalence,Hungary,322,303,341
2018,UC,Prevalence,Hungary,331,328,334
2019,UC,Prevalence,Hungary,339,335,343
2020,UC,Prevalence,Hungary,347,342,352
2021,UC,Prevalence,Hungary,355,349,361
2022,UC,Prevalence,Hungary,363,357,370
2023,UC,Prevalence,Hungary,371,364,379
2024,UC,Prevalence,Hungary,380,371,388
2025,UC,Prevalence,Hungary,388,379,396
2026,UC,Prevalence,Hungary,396,386,405
2027,UC,Prevalence,Hungary,404,394,414
2028,UC,Prevalence,Hungary,412,401,423
2029,UC,Prevalence,Hungary,420,409,432
2030,UC,Prevalence,Hungary,428,416,440
2031,UC,Prevalence,Hungary,436,424,449
2032,UC,Prevalence,Hungary,444,431,458
2033,UC,Prevalence,Hungary,453,439,467
2034,UC,Prevalence,Hungary,461,446,475
2035,UC,Prevalence,Hungary,469,454,484
2005,UC,Prevalence,ISRAEL,204,201,207
2006,UC,Prevalence,ISRAEL,216,213,220
2007,UC,Prevalence,ISRAEL,228,224,231
2008,UC,Prevalence,ISRAEL,235,232,239
2009,UC,Prevalence,ISRAEL,245,241,249
2010,UC,Prevalence,ISRAEL,255,251,258
2011,UC,Prevalence,ISRAEL,264,260,268
2012,UC,Prevalence,ISRAEL,272,269,276
2013,UC,Prevalence,ISRAEL,281,277,285
2014,UC,Prevalence,ISRAEL,289,285,292
2015,UC,Prevalence,ISRAEL,296,293,300
2016,UC,Prevalence,ISRAEL,303,299,306
2017,UC,Prevalence,ISRAEL,309,306,313
2018,UC,Prevalence,ISRAEL,316,312,319
2019,UC,Prevalence,ISRAEL,322,318,326
2020,UC,Prevalence,ISRAEL,327,324,331
2021,UC,Prevalence,ISRAEL,334,333,335
2022,UC,Prevalence,ISRAEL,342,339,344
2023,UC,Prevalence,ISRAEL,349,346,352
2024,UC,Prevalence,ISRAEL,356,352,360
2025,UC,Prevalence,ISRAEL,363,358,368
2026,UC,Prevalence,ISRAEL,370,365,376
2027,UC,Prevalence,ISRAEL,377,371,384
2028,UC,Prevalence,ISRAEL,385,378,391
2029,UC,Prevalence,ISRAEL,392,384,399
2030,UC,Prevalence,ISRAEL,399,391,407
2031,UC,Prevalence,ISRAEL,406,397,414
2032,UC,Prevalence,ISRAEL,413,404,422
2033,UC,Prevalence,ISRAEL,420,410,429
2034,UC,Prevalence,ISRAEL,427,417,437
2035,UC,Prevalence,ISRAEL,434,423,444
2009,UC,Prevalence,Scotland,384,371,397
2010,UC,Prevalence,Scotland,400,387,414
2011,UC,Prevalence,Scotland,420,406,434
2012,UC,Prevalence,Scotland,440,426,455
2013,UC,Prevalence,Scotland,455,440,469
2014,UC,Prevalence,Scotland,474,460,489
2015,UC,Prevalence,Scotland,492,478,507
2016,UC,Prevalence,Scotland,504,489,518
2017,UC,Prevalence,Scotland,518,503,533
2018,UC,Prevalence,Scotland,539,536,543
2019,UC,Prevalence,Scotland,556,552,561
2020,UC,Prevalence,Scotland,573,568,579
2021,UC,Prevalence,Scotland,590,584,597
2022,UC,Prevalence,Scotland,608,600,615
2023,UC,Prevalence,Scotland,625,616,633
2024,UC,Prevalence,Scotland,642,633,651
2025,UC,Prevalence,Scotland,659,649,668
2026,UC,Prevalence,Scotland,676,665,686
2027,UC,Prevalence,Scotland,693,681,704
2028,UC,Prevalence,Scotland,710,697,722
2029,UC,Prevalence,Scotland,727,713,740
2030,UC,Prevalence,Scotland,744,730,758
2031,UC,Prevalence,Scotland,761,746,776
2032,UC,Prevalence,Scotland,778,762,794
2033,UC,Prevalence,Scotland,795,778,812
2034,UC,Prevalence,Scotland,812,794,830
2035,UC,Prevalence,Scotland,829,810,848
2004,UC,Prevalence,Sweden,349,345,353
2005,UC,Prevalence,Sweden,366,362,370
2006,UC,Prevalence,Sweden,383,379,387
2007,UC,Prevalence,Sweden,399,395,403
2008,UC,Prevalence,Sweden,413,409,417
2009,UC,Prevalence,Sweden,431,427,436
2010,UC,Prevalence,Sweden,447,443,451
2011,UC,Prevalence,Sweden,461,457,466
2012,UC,Prevalence,Sweden,476,472,481
2013,UC,Prevalence,Sweden,490,485,494
2014,UC,Prevalence,Sweden,503,498,507
2015,UC,Prevalence,Sweden,513,509,518
2016,UC,Prevalence,Sweden,523,519,528
2017,UC,Prevalence,Sweden,533,529,538
2018,UC,Prevalence,Sweden,542,538,547
2019,UC,Prevalence,Sweden,552,548,557
2020,UC,Prevalence,Sweden,566,561,570
2021,UC,Prevalence,Sweden,578,573,583
2022,UC,Prevalence,Sweden,589,586,591
2023,UC,Prevalence,Sweden,600,595,604
2024,UC,Prevalence,Sweden,611,605,616
2025,UC,Prevalence,Sweden,622,615,628
2026,UC,Prevalence,Sweden,633,625,640
2027,UC,Prevalence,Sweden,644,636,652
2028,UC,Prevalence,Sweden,655,646,664
2029,UC,Prevalence,Sweden,666,656,676
2030,UC,Prevalence,Sweden,677,666,688
2031,UC,Prevalence,Sweden,688,677,700
2032,UC,Prevalence,Sweden,699,687,711
2033,UC,Prevalence,Sweden,710,697,723
2034,UC,Prevalence,Sweden,721,708,735
2035,UC,Prevalence,Sweden,732,718,747
2000,UC,Prevalence,USA,268,240,296
2001,UC,Prevalence,USA,273,245,301
2002,UC,Prevalence,USA,279,251,307
2003,UC,Prevalence,USA,284,256,312
2004,UC,Prevalence,USA,289,261,318
2005,UC,Prevalence,USA,295,266,323
2006,UC,Prevalence,USA,298,270,326
2007,UC,Prevalence,USA,301,273,329
2008,UC,Prevalence,USA,304,276,332
2009,UC,Prevalence,USA,307,279,335
2010,UC,Prevalence,USA,310,282,338
2011,UC,Prevalence,USA,311,283,339
2012,UC,Prevalence,USA,312,284,341
2013,UC,Prevalence,USA,314,286,342
2014,UC,Prevalence,USA,315,287,343
2015,UC,Prevalence,USA,316,288,344
2016,UC,Prevalence,USA,319,291,346
2017,UC,Prevalence,USA,321,293,349
2018,UC,Prevalence,USA,324,296,352
2019,UC,Prevalence,USA,327,299,354
2020,UC,Prevalence,USA,329,301,357
2021,UC,Prevalence,USA,332,331,333
2022,UC,Prevalence,USA,336,333,338
2023,UC,Prevalence,USA,339,335,343
2024,UC,Prevalence,USA,342,337,347
2025,UC,Prevalence,USA,345,338,352
2026,UC,Prevalence,USA,348,340,357
2027,UC,Prevalence,USA,352,342,361
2028,UC,Prevalence,USA,355,344,366
2029,UC,Prevalence,USA,358,346,370
2030,UC,Prevalence,USA,361,348,374
2031,UC,Prevalence,USA,364,350,379
2032,UC,Prevalence,USA,367,352,383
2033,UC,Prevalence,USA,371,354,387
2034,UC,Prevalence,USA,374,356,391
2035,UC,Prevalence,USA,377,358,395
2035,UC,Prevalence,Global,551,445,745
2034,UC,Prevalence,Global,538,422,726
2033,UC,Prevalence,Global,511,373,607
2032,UC,Prevalence,Global,503,337,623
2031,UC,Prevalence,Global,492,404,610
2030,UC,Prevalence,Global,509,368,640
2029,UC,Prevalence,Global,460,332,628
2028,UC,Prevalence,Global,493,418,620
2027,UC,Prevalence,Global,477,414,559
2026,UC,Prevalence,Global,477,343,661
2025,UC,Prevalence,Global,482,332,610
2024,UC,Prevalence,Global,452,332,587
2023,UC,Prevalence,Global,424,315,571
2022,UC,Prevalence,Global,444,346,587
2021,UC,Prevalence,Global,436,367,597
2020,UC,Prevalence,Global,433,325,574
2019,UC,Prevalence,Global,402,320,480
2018,UC,Prevalence,Global,406,350,551
2017,UC,Prevalence,Global,398,329,492
2016,UC,Prevalence,Global,386,293,502
2015,UC,Prevalence,Global,371,274,519
2014,UC,Prevalence,Global,360,280,451
2013,UC,Prevalence,Global,329,240,417
2012,UC,Prevalence,Global,335,258,416
2011,UC,Prevalence,Global,319,256,437
2010,UC,Prevalence,Global,340,267,402
2009,UC,Prevalence,Global,333,277,416
2008,UC,Prevalence,Global,310,257,371
2007,UC,Prevalence,Global,307,252,378
2007,CD,Incidence,Canada,13.5,13.1,13.9
2008,CD,Incidence,Canada,13.8,13.4,14.2
2009,CD,Incidence,Canada,13.8,13.4,14.2
2010,CD,Incidence,Canada,13.3,12.9,13.7
2011,CD,Incidence,Canada,14.1,13.7,14.5
2012,CD,Incidence,Canada,13,12.6,13.4
2013,CD,Incidence,Canada,13.3,13,13.7
2014,CD,Incidence,Canada,13.5,13.1,13.9
2015,CD,Incidence,Canada,13.2,12.5,13.8
2016,CD,Incidence,Canada,13.3,12.8,13.7
2017,CD,Incidence,Canada,13.1,12.3,13.8
2018,CD,Incidence,Canada,13.1,12.4,13.8
2019,CD,Incidence,Canada,13,12.1,13.8
2020,CD,Incidence,Canada,12.9,12,13.8
2021,CD,Incidence,Canada,12.8,11.8,13.9
2022,CD,Incidence,Canada,12.8,11.7,13.9
2023,CD,Incidence,Canada,12.7,11.5,13.9
2024,CD,Incidence,Canada,12.7,11.3,14
2025,CD,Incidence,Canada,12.6,11.2,14
2011,CD,Incidence,Catalonia,12.3,11.5,13.1
2012,CD,Incidence,Catalonia,11.7,10.9,12.5
2013,CD,Incidence,Catalonia,13.5,12.7,14.4
2014,CD,Incidence,Catalonia,13.1,12.2,13.9
2015,CD,Incidence,Catalonia,13.6,12.8,14.5
2016,CD,Incidence,Catalonia,12.5,11.7,13.3
2017,CD,Incidence,Catalonia,17.1,16.1,18
2018,CD,Incidence,Catalonia,14.5,13.6,15.3
2019,CD,Incidence,Catalonia,13.2,12.4,14
2020,CD,Incidence,Catalonia,10,9.3000002,10.7
2021,CD,Incidence,Catalonia,10.8,10.1,11.6
2022,CD,Incidence,Catalonia,11,10.3,11.8
2023,CD,Incidence,Catalonia,9.6999998,9,10.3
2024,CD,Incidence,Catalonia,11.1,8.1999998,13.9
2025,CD,Incidence,Catalonia,10.9,7.6999998,14.1
1990,CD,Incidence,Denmark,6.6999998,6,7.4000001
1991,CD,Incidence,Denmark,6.9000001,6.1999998,7.5999999
1992,CD,Incidence,Denmark,7.6999998,6.9000001,8.3999996
1993,CD,Incidence,Denmark,9.8999996,9.1000004,10.8
1994,CD,Incidence,Denmark,10.2,9.3000002,11
1995,CD,Incidence,Denmark,8.6000004,7.8000002,9.3999996
1996,CD,Incidence,Denmark,10.8,10,11.7
1997,CD,Incidence,Denmark,11.8,10.9,12.7
1998,CD,Incidence,Denmark,11.4,10.5,12.4
1999,CD,Incidence,Denmark,12.6,11.7,13.6
2000,CD,Incidence,Denmark,11,10.1,11.9
2001,CD,Incidence,Denmark,11.3,10.4,12.2
2002,CD,Incidence,Denmark,12.7,11.8,13.7
2003,CD,Incidence,Denmark,12.3,11.3,13.2
2004,CD,Incidence,Denmark,12.9,12,13.9
2005,CD,Incidence,Denmark,13.2,12.3,14.2
2006,CD,Incidence,Denmark,13,12,13.9
2007,CD,Incidence,Denmark,12.8,11.8,13.7
2008,CD,Incidence,Denmark,13.6,12.6,14.5
2009,CD,Incidence,Denmark,13.4,12.4,14.3
2010,CD,Incidence,Denmark,14.5,13.5,15.5
2011,CD,Incidence,Denmark,14.8,13.8,15.8
2012,CD,Incidence,Denmark,14.9,13.9,16
2013,CD,Incidence,Denmark,15.1,14,16.1
2014,CD,Incidence,Denmark,16,14.9,17
2015,CD,Incidence,Denmark,16.700001,15.6,17.700001
2016,CD,Incidence,Denmark,17.700001,16.6,18.700001
2017,CD,Incidence,Denmark,15.7,14.6,16.700001
2018,CD,Incidence,Denmark,17.200001,16.299999,18
2019,CD,Incidence,Denmark,17.5,16.6,18.299999
2020,CD,Incidence,Denmark,17.799999,16.9,18.700001
2021,CD,Incidence,Denmark,18.1,17.200001,19.1
2022,CD,Incidence,Denmark,18.5,17.5,19.4
2023,CD,Incidence,Denmark,18.799999,17.799999,19.799999
2024,CD,Incidence,Denmark,19.1,18.1,20.200001
2025,CD,Incidence,Denmark,19.4,18.4,20.5
2002,CD,Incidence,Hungary,6.9000001,4.3000002,9.6000004
2003,CD,Incidence,Hungary,8.3999996,5.5,11.4
2004,CD,Incidence,Hungary,9.5,6.4000001,12.6
2005,CD,Incidence,Hungary,8.1999998,5.3000002,11.1
2006,CD,Incidence,Hungary,11.3,7.8000002,14.7
2007,CD,Incidence,Hungary,8.5,5.5,11.5
2008,CD,Incidence,Hungary,9.5,6.3000002,12.6
2009,CD,Incidence,Hungary,6.4000001,3.8,9
2010,CD,Incidence,Hungary,14.9,10.9,18.9
2011,CD,Incidence,Hungary,13.5,9.6999998,17.299999
2012,CD,Incidence,Hungary,12.5,8.8000002,16.1
2013,CD,Incidence,Hungary,9.6000004,6.4000001,12.9
2014,CD,Incidence,Hungary,11.5,8,15.1
2015,CD,Incidence,Hungary,10.1,6.8000002,13.4
2016,CD,Incidence,Hungary,7.9000001,5,10.9
2017,CD,Incidence,Hungary,7.9000001,4.9000001,10.9
2018,CD,Incidence,Hungary,7.6999998,4.6999998,10.6
2019,CD,Incidence,Hungary,10.1,7.1999998,13
2020,CD,Incidence,Hungary,10.2,7,13.3
2021,CD,Incidence,Hungary,10.2,6.6999998,13.7
2022,CD,Incidence,Hungary,10.3,6.5,14
2023,CD,Incidence,Hungary,10.3,6.1999998,14.4
2024,CD,Incidence,Hungary,10.4,6,14.7
2025,CD,Incidence,Hungary,10.4,5.6999998,15.1
2005,CD,Incidence,ISRAEL,16.200001,15.3,17.200001
2006,CD,Incidence,ISRAEL,16.1,15.2,17
2007,CD,Incidence,ISRAEL,15.8,14.9,16.700001
2008,CD,Incidence,ISRAEL,16.200001,15.3,17.1
2009,CD,Incidence,ISRAEL,16,15.1,16.9
2010,CD,Incidence,ISRAEL,17.1,16.200001,18
2011,CD,Incidence,ISRAEL,15.8,15,16.700001
2012,CD,Incidence,ISRAEL,17.700001,16.799999,18.6
2013,CD,Incidence,ISRAEL,16.9,16,17.799999
2014,CD,Incidence,ISRAEL,17.200001,16.299999,18.1
2015,CD,Incidence,ISRAEL,17.299999,16.4,18.200001
2016,CD,Incidence,ISRAEL,18.299999,17.299999,19.200001
2017,CD,Incidence,ISRAEL,17.4,16.6,18.299999
2018,CD,Incidence,ISRAEL,18,17.1,18.799999
2019,CD,Incidence,ISRAEL,17.200001,16.299999,18
2020,CD,Incidence,ISRAEL,15.8,15,16.6
2021,CD,Incidence,ISRAEL,17.6,16.799999,18.4
2022,CD,Incidence,ISRAEL,17.700001,16.799999,18.6
2023,CD,Incidence,ISRAEL,17.799999,16.799999,18.700001
2024,CD,Incidence,ISRAEL,17.9,16.799999,18.9
2025,CD,Incidence,ISRAEL,18,16.799999,19.1
2018,CD,Incidence,NewZealand,19.5,15.8,23.200001
2019,CD,Incidence,NewZealand,17.299999,13.9,20.700001
2020,CD,Incidence,NewZealand,18.700001,15.2,22.200001
2021,CD,Incidence,NewZealand,15.4,12.2,18.5
2022,CD,Incidence,NewZealand,16.799999,13.5,20.1
2023,CD,Incidence,NewZealand,14.8,11.7,17.799999
2024,CD,Incidence,NewZealand,15,14,16
2025,CD,Incidence,NewZealand,13.4,13,13.9
2009,CD,Incidence,Scotland,16.799999,14,19.700001
2010,CD,Incidence,Scotland,19.700001,16.700001,22.799999
2011,CD,Incidence,Scotland,18.9,16,21.9
2012,CD,Incidence,Scotland,17.700001,14.8,20.5
2013,CD,Incidence,Scotland,15.9,13.3,18.6
2014,CD,Incidence,Scotland,17.5,14.7,20.299999
2015,CD,Incidence,Scotland,14.3,11.7,16.9
2016,CD,Incidence,Scotland,13.4,11,15.8
2017,CD,Incidence,Scotland,14.5,12,17
2018,CD,Incidence,Scotland,13.4,11,15.8
2019,CD,Incidence,Scotland,12.8,10,15.5
2020,CD,Incidence,Scotland,12.1,9,15.3
2021,CD,Incidence,Scotland,11.5,8,15.1
2022,CD,Incidence,Scotland,10.9,6.9000001,14.8
2023,CD,Incidence,Scotland,10.2,5.9000001,14.6
2024,CD,Incidence,Scotland,9.6000004,4.9000001,14.4
2025,CD,Incidence,Scotland,9,3.9000001,14.1
2004,CD,Incidence,Sweden,11.5,10.8,12.3
2005,CD,Incidence,Sweden,11.8,11.1,12.5
2006,CD,Incidence,Sweden,11,10.3,11.7
2007,CD,Incidence,Sweden,11.1,10.4,11.8
2008,CD,Incidence,Sweden,12.6,11.8,13.3
2009,CD,Incidence,Sweden,12.1,11.3,12.8
2010,CD,Incidence,Sweden,11.1,10.4,11.8
2011,CD,Incidence,Sweden,12.1,11.4,12.8
2012,CD,Incidence,Sweden,11.3,10.6,12
2013,CD,Incidence,Sweden,11.8,11.1,12.5
2014,CD,Incidence,Sweden,12.5,11.7,13.2
2015,CD,Incidence,Sweden,11.8,11.1,12.5
2016,CD,Incidence,Sweden,12.2,11.5,12.9
2017,CD,Incidence,Sweden,13,12.2,13.7
2018,CD,Incidence,Sweden,12.7,12,13.4
2019,CD,Incidence,Sweden,13.8,13.1,14.5
2020,CD,Incidence,Sweden,12.5,11.8,13.2
2021,CD,Incidence,Sweden,12.7,12,13.4
2022,CD,Incidence,Sweden,13,12.4,13.7
2023,CD,Incidence,Sweden,13.1,12.4,13.8
2024,CD,Incidence,Sweden,13.2,12.4,14
2025,CD,Incidence,Sweden,13.3,12.5,14.1
1990,CD,Incidence,USA,9.3999996,3.5999999,15.2
1991,CD,Incidence,USA,7.5,2.4000001,12.6
1992,CD,Incidence,USA,5.3000002,1.1,9.6000004
1993,CD,Incidence,USA,5.3000002,1.1,9.5
1994,CD,Incidence,USA,6.3000002,1.7,10.9
1995,CD,Incidence,USA,7.4000001,2.5,12.3
1996,CD,Incidence,USA,15.3,8.3999996,22.299999
1997,CD,Incidence,USA,9.3000002,3.9000001,14.7
1998,CD,Incidence,USA,11.3,5.4000001,17.1
1999,CD,Incidence,USA,11.4,5.5,17.200001
2000,CD,Incidence,USA,8.1000004,3.2,12.9
2001,CD,Incidence,USA,14.3,7.8000002,20.700001
2002,CD,Incidence,USA,11.7,5.9000001,17.4
2003,CD,Incidence,USA,10.5,5,15.9
2004,CD,Incidence,USA,12.6,6.6999998,18.5
2005,CD,Incidence,USA,13.9,7.8000002,20.1
2006,CD,Incidence,USA,6.3000002,2.2,10.4
2007,CD,Incidence,USA,12.9,7.0999999,18.700001
2008,CD,Incidence,USA,13,7.1999998,18.9
2009,CD,Incidence,USA,13.6,7.6999998,19.6
2010,CD,Incidence,USA,5.6999998,1.9,9.6000004
2011,CD,Incidence,USA,12.4,6.8000002,18
2012,CD,Incidence,USA,12.4,6.8000002,18
2013,CD,Incidence,USA,10.5,5.4000001,15.6
2014,CD,Incidence,USA,6.1999998,2.3,10.1
2015,CD,Incidence,USA,8.3999996,3.8,12.9
2016,CD,Incidence,USA,10.4,5.4000001,15.5
2017,CD,Incidence,USA,6.4000001,2.5,10.3
2018,CD,Incidence,USA,7.9000001,3.5999999,12.3
2019,CD,Incidence,USA,5.6999998,2,9.5
2020,CD,Incidence,USA,9.8000002,7.3000002,12.3
2021,CD,Incidence,USA,9.8000002,7.0999999,12.5
2022,CD,Incidence,USA,9.8000002,7,12.6
2023,CD,Incidence,USA,9.8000002,6.9000001,12.7
2024,CD,Incidence,USA,9.8000002,6.8000002,12.9
2025,CD,Incidence,USA,9.8000002,6.5999999,13
2025,CD,Incidence,Global,12.9,10.3,15.9
2024,CD,Incidence,Global,13.1,10.5,16.200001
2023,CD,Incidence,Global,13,10.4,16.1
2022,CD,Incidence,Global,13.3,10.7,16.299999
2021,CD,Incidence,Global,13.2,10.5,16.200001
2020,CD,Incidence,Global,13.3,10.7,16.200001
2019,CD,Incidence,Global,13.3,10.6,16.5
2018,CD,Incidence,Global,13.6,10.8,17.1
2017,CD,Incidence,Global,12.8,9.8999996,16.299999
2016,CD,Incidence,Global,13,10.4,15.9
2015,CD,Incidence,Global,12.9,10.1,15.9
2014,CD,Incidence,Global,13.2,10.5,16.4
2013,CD,Incidence,Global,13.3,10.7,16.299999
2012,CD,Incidence,Global,13.8,11,17.6
2011,CD,Incidence,Global,14,11.1,17.299999
2010,CD,Incidence,Global,13.2,10,16.6
2009,CD,Incidence,Global,12.8,9.8999996,16.200001
2008,CD,Incidence,Global,12.8,9.8000002,16.200001
2007,CD,Incidence,Global,12.2,9.1999998,15.9
2002,CD,Prevalence,Canada,210,208,211
2003,CD,Prevalence,Canada,223,221,224
2004,CD,Prevalence,Canada,234,232,236
2005,CD,Prevalence,Canada,246,244,247
2006,CD,Prevalence,Canada,256,254,258
2007,CD,Prevalence,Canada,266,265,268
2008,CD,Prevalence,Canada,276,275,278
2009,CD,Prevalence,Canada,286,285,288
2010,CD,Prevalence,Canada,296,294,297
2011,CD,Prevalence,Canada,306,304,308
2012,CD,Prevalence,Canada,314,312,316
2013,CD,Prevalence,Canada,322,321,324
2014,CD,Prevalence,Canada,331,329,333
2015,CD,Prevalence,Canada,341,340,342
2016,CD,Prevalence,Canada,350,349,352
2017,CD,Prevalence,Canada,360,358,361
2018,CD,Prevalence,Canada,369,367,371
2019,CD,Prevalence,Canada,378,376,380
2020,CD,Prevalence,Canada,387,385,390
2021,CD,Prevalence,Canada,396,394,399
2022,CD,Prevalence,Canada,406,403,408
2023,CD,Prevalence,Canada,415,412,418
2024,CD,Prevalence,Canada,424,421,427
2025,CD,Prevalence,Canada,433,430,437
2026,CD,Prevalence,Canada,442,439,446
2027,CD,Prevalence,Canada,452,448,456
2028,CD,Prevalence,Canada,461,457,465
2029,CD,Prevalence,Canada,470,466,475
2030,CD,Prevalence,Canada,479,475,484
2031,CD,Prevalence,Canada,489,484,494
2032,CD,Prevalence,Canada,498,492,503
2033,CD,Prevalence,Canada,507,501,512
2034,CD,Prevalence,Canada,516,510,522
2035,CD,Prevalence,Canada,525,519,531
2011,CD,Prevalence,Catalonia,92,89,94
2012,CD,Prevalence,Catalonia,102,99,104
2013,CD,Prevalence,Catalonia,114,111,116
2014,CD,Prevalence,Catalonia,126,123,128
2015,CD,Prevalence,Catalonia,137,135,140
2016,CD,Prevalence,Catalonia,147,144,150
2017,CD,Prevalence,Catalonia,161,158,163
2018,CD,Prevalence,Catalonia,171,168,174
2019,CD,Prevalence,Catalonia,179,176,182
2020,CD,Prevalence,Catalonia,182,179,185
2021,CD,Prevalence,Catalonia,179,176,182
2022,CD,Prevalence,Catalonia,186,183,189
2023,CD,Prevalence,Catalonia,189,186,192
2024,CD,Prevalence,Catalonia,192,182,202
2025,CD,Prevalence,Catalonia,195,183,208
2026,CD,Prevalence,Catalonia,199,184,213
2027,CD,Prevalence,Catalonia,202,185,218
2028,CD,Prevalence,Catalonia,205,186,224
2029,CD,Prevalence,Catalonia,208,187,229
2030,CD,Prevalence,Catalonia,211,188,235
2031,CD,Prevalence,Catalonia,215,189,240
2032,CD,Prevalence,Catalonia,218,190,245
2033,CD,Prevalence,Catalonia,221,191,251
2034,CD,Prevalence,Catalonia,224,192,256
2035,CD,Prevalence,Catalonia,227,193,262
1990,CD,Prevalence,Denmark,73,70,75
1991,CD,Prevalence,Denmark,78,76,80
1992,CD,Prevalence,Denmark,84,81,86
1993,CD,Prevalence,Denmark,92,89,94
1994,CD,Prevalence,Denmark,100,97,102
1995,CD,Prevalence,Denmark,107,104,110
1996,CD,Prevalence,Denmark,115,112,118
1997,CD,Prevalence,Denmark,124,121,127
1998,CD,Prevalence,Denmark,133,130,136
1999,CD,Prevalence,Denmark,143,140,146
2000,CD,Prevalence,Denmark,152,148,155
2001,CD,Prevalence,Denmark,160,157,163
2002,CD,Prevalence,Denmark,170,166,173
2003,CD,Prevalence,Denmark,179,175,183
2004,CD,Prevalence,Denmark,189,185,193
2005,CD,Prevalence,Denmark,199,195,203
2006,CD,Prevalence,Denmark,208,204,212
2007,CD,Prevalence,Denmark,217,213,221
2008,CD,Prevalence,Denmark,225,221,229
2009,CD,Prevalence,Denmark,234,230,238
2010,CD,Prevalence,Denmark,244,240,248
2011,CD,Prevalence,Denmark,254,250,258
2012,CD,Prevalence,Denmark,264,260,269
2013,CD,Prevalence,Denmark,274,270,279
2014,CD,Prevalence,Denmark,284,280,289
2015,CD,Prevalence,Denmark,294,290,299
2016,CD,Prevalence,Denmark,305,301,310
2017,CD,Prevalence,Denmark,315,310,319
2018,CD,Prevalence,Denmark,324,323,325
2019,CD,Prevalence,Denmark,334,332,335
2020,CD,Prevalence,Denmark,343,341,345
2021,CD,Prevalence,Denmark,353,350,356
2022,CD,Prevalence,Denmark,362,359,366
2023,CD,Prevalence,Denmark,372,368,376
2024,CD,Prevalence,Denmark,382,377,386
2025,CD,Prevalence,Denmark,391,386,396
2026,CD,Prevalence,Denmark,401,396,406
2027,CD,Prevalence,Denmark,411,405,416
2028,CD,Prevalence,Denmark,420,414,426
2029,CD,Prevalence,Denmark,430,423,436
2030,CD,Prevalence,Denmark,439,433,446
2031,CD,Prevalence,Denmark,449,442,456
2032,CD,Prevalence,Denmark,459,451,466
2033,CD,Prevalence,Denmark,468,460,476
2034,CD,Prevalence,Denmark,478,470,486
2035,CD,Prevalence,Denmark,488,479,496
2007,CD,Prevalence,Hungary,155,142,167
2008,CD,Prevalence,Hungary,162,149,175
2009,CD,Prevalence,Hungary,165,152,179
2010,CD,Prevalence,Hungary,178,164,192
2011,CD,Prevalence,Hungary,189,175,204
2012,CD,Prevalence,Hungary,200,185,214
2013,CD,Prevalence,Hungary,208,193,223
2014,CD,Prevalence,Hungary,218,202,233
2015,CD,Prevalence,Hungary,225,209,240
2016,CD,Prevalence,Hungary,231,215,248
2017,CD,Prevalence,Hungary,238,222,255
2018,CD,Prevalence,Hungary,250,247,254
2019,CD,Prevalence,Hungary,259,255,263
2020,CD,Prevalence,Hungary,268,263,272
2021,CD,Prevalence,Hungary,277,271,282
2022,CD,Prevalence,Hungary,285,280,291
2023,CD,Prevalence,Hungary,294,288,301
2024,CD,Prevalence,Hungary,303,296,310
2025,CD,Prevalence,Hungary,312,304,320
2026,CD,Prevalence,Hungary,321,313,329
2027,CD,Prevalence,Hungary,330,321,338
2028,CD,Prevalence,Hungary,338,329,348
2029,CD,Prevalence,Hungary,347,337,357
2030,CD,Prevalence,Hungary,356,346,367
2031,CD,Prevalence,Hungary,365,354,376
2032,CD,Prevalence,Hungary,374,362,386
2033,CD,Prevalence,Hungary,383,370,395
2034,CD,Prevalence,Hungary,391,378,404
2035,CD,Prevalence,Hungary,400,387,414
2005,CD,Prevalence,ISRAEL,180,177,183
2006,CD,Prevalence,ISRAEL,194,191,197
2007,CD,Prevalence,ISRAEL,207,204,211
2008,CD,Prevalence,ISRAEL,217,214,221
2009,CD,Prevalence,ISRAEL,231,227,234
2010,CD,Prevalence,ISRAEL,244,241,248
2011,CD,Prevalence,ISRAEL,257,254,261
2012,CD,Prevalence,ISRAEL,272,268,275
2013,CD,Prevalence,ISRAEL,285,281,288
2014,CD,Prevalence,ISRAEL,298,294,302
2015,CD,Prevalence,ISRAEL,310,306,314
2016,CD,Prevalence,ISRAEL,323,320,327
2017,CD,Prevalence,ISRAEL,336,333,340
2018,CD,Prevalence,ISRAEL,349,345,353
2019,CD,Prevalence,ISRAEL,360,357,364
2020,CD,Prevalence,ISRAEL,371,367,375
2021,CD,Prevalence,ISRAEL,384,382,386
2022,CD,Prevalence,ISRAEL,397,394,400
2023,CD,Prevalence,ISRAEL,410,406,414
2024,CD,Prevalence,ISRAEL,422,417,427
2025,CD,Prevalence,ISRAEL,435,429,440
2026,CD,Prevalence,ISRAEL,447,441,454
2027,CD,Prevalence,ISRAEL,460,453,467
2028,CD,Prevalence,ISRAEL,472,465,480
2029,CD,Prevalence,ISRAEL,485,477,493
2030,CD,Prevalence,ISRAEL,497,489,506
2031,CD,Prevalence,ISRAEL,510,501,519
2032,CD,Prevalence,ISRAEL,522,513,532
2033,CD,Prevalence,ISRAEL,535,524,545
2034,CD,Prevalence,ISRAEL,547,536,558
2035,CD,Prevalence,ISRAEL,560,548,571
2009,CD,Prevalence,Scotland,230,219,240
2010,CD,Prevalence,Scotland,240,230,251
2011,CD,Prevalence,Scotland,249,238,260
2012,CD,Prevalence,Scotland,258,247,269
2013,CD,Prevalence,Scotland,266,255,277
2014,CD,Prevalence,Scotland,274,263,286
2015,CD,Prevalence,Scotland,280,269,291
2016,CD,Prevalence,Scotland,283,272,294
2017,CD,Prevalence,Scotland,289,278,300
2018,CD,Prevalence,Scotland,297,294,300
2019,CD,Prevalence,Scotland,305,299,310
2020,CD,Prevalence,Scotland,312,305,320
2021,CD,Prevalence,Scotland,320,310,330
2022,CD,Prevalence,Scotland,328,316,339
2023,CD,Prevalence,Scotland,335,322,348
2024,CD,Prevalence,Scotland,343,328,358
2025,CD,Prevalence,Scotland,350,334,367
2026,CD,Prevalence,Scotland,357,339,376
2027,CD,Prevalence,Scotland,365,345,384
2028,CD,Prevalence,Scotland,372,351,393
2029,CD,Prevalence,Scotland,380,357,402
2030,CD,Prevalence,Scotland,387,363,411
2031,CD,Prevalence,Scotland,395,369,420
2032,CD,Prevalence,Scotland,402,375,429
2033,CD,Prevalence,Scotland,409,381,437
2034,CD,Prevalence,Scotland,417,387,446
2035,CD,Prevalence,Scotland,424,393,455
2004,CD,Prevalence,Sweden,198,195,201
2005,CD,Prevalence,Sweden,209,206,212
2006,CD,Prevalence,Sweden,219,216,222
2007,CD,Prevalence,Sweden,228,225,231
2008,CD,Prevalence,Sweden,238,235,241
2009,CD,Prevalence,Sweden,249,245,252
2010,CD,Prevalence,Sweden,258,254,261
2011,CD,Prevalence,Sweden,266,263,269
2012,CD,Prevalence,Sweden,276,272,279
2013,CD,Prevalence,Sweden,284,281,288
2014,CD,Prevalence,Sweden,293,289,296
2015,CD,Prevalence,Sweden,302,298,305
2016,CD,Prevalence,Sweden,309,305,312
2017,CD,Prevalence,Sweden,315,312,319
2018,CD,Prevalence,Sweden,323,320,327
2019,CD,Prevalence,Sweden,330,327,334
2020,CD,Prevalence,Sweden,340,336,343
2021,CD,Prevalence,Sweden,348,344,352
2022,CD,Prevalence,Sweden,356,355,357
2023,CD,Prevalence,Sweden,364,362,366
2024,CD,Prevalence,Sweden,372,369,374
2025,CD,Prevalence,Sweden,379,376,383
2026,CD,Prevalence,Sweden,387,384,391
2027,CD,Prevalence,Sweden,395,391,399
2028,CD,Prevalence,Sweden,403,399,408
2029,CD,Prevalence,Sweden,411,406,416
2030,CD,Prevalence,Sweden,419,414,424
2031,CD,Prevalence,Sweden,427,421,433
2032,CD,Prevalence,Sweden,435,429,441
2033,CD,Prevalence,Sweden,443,436,449
2034,CD,Prevalence,Sweden,451,444,458
2035,CD,Prevalence,Sweden,459,452,466
2000,CD,Prevalence,USA,194,170,218
2001,CD,Prevalence,USA,198,174,222
2002,CD,Prevalence,USA,201,177,225
2003,CD,Prevalence,USA,205,181,229
2004,CD,Prevalence,USA,209,185,233
2005,CD,Prevalence,USA,212,188,237
2006,CD,Prevalence,USA,215,191,239
2007,CD,Prevalence,USA,217,193,241
2008,CD,Prevalence,USA,219,195,244
2009,CD,Prevalence,USA,222,198,246
2010,CD,Prevalence,USA,224,200,248
2011,CD,Prevalence,USA,225,201,249
2012,CD,Prevalence,USA,227,203,251
2013,CD,Prevalence,USA,228,204,252
2014,CD,Prevalence,USA,229,205,253
2015,CD,Prevalence,USA,230,207,254
2016,CD,Prevalence,USA,235,212,259
2017,CD,Prevalence,USA,241,216,265
2018,CD,Prevalence,USA,246,221,270
2019,CD,Prevalence,USA,251,226,275
2020,CD,Prevalence,USA,256,231,280
2021,CD,Prevalence,USA,260,258,261
2022,CD,Prevalence,USA,262,260,265
2023,CD,Prevalence,USA,265,261,269
2024,CD,Prevalence,USA,268,262,274
2025,CD,Prevalence,USA,271,263,278
2026,CD,Prevalence,USA,274,265,282
2027,CD,Prevalence,USA,277,266,287
2028,CD,Prevalence,USA,279,268,291
2029,CD,Prevalence,USA,282,270,295
2030,CD,Prevalence,USA,285,271,299
2031,CD,Prevalence,USA,288,273,303
2032,CD,Prevalence,USA,291,275,308
2033,CD,Prevalence,USA,294,277,312
2034,CD,Prevalence,USA,297,278,316
2035,CD,Prevalence,USA,300,280,320
2035,CD,Prevalence,Global,404,321,485
2034,CD,Prevalence,Global,395,299,461
2033,CD,Prevalence,Global,399,288,510
2032,CD,Prevalence,Global,392,320,496
2031,CD,Prevalence,Global,374,303,456
2030,CD,Prevalence,Global,368,296,459
2029,CD,Prevalence,Global,360,292,421
2028,CD,Prevalence,Global,363,304,426
2027,CD,Prevalence,Global,356,301,477
2026,CD,Prevalence,Global,343,289,388
2025,CD,Prevalence,Global,330,275,403
2024,CD,Prevalence,Global,325,268,406
2023,CD,Prevalence,Global,313,257,384
2022,CD,Prevalence,Global,318,273,396
2021,CD,Prevalence,Global,310,268,358
2020,CD,Prevalence,Global,303,252,363
2019,CD,Prevalence,Global,294,251,351
2018,CD,Prevalence,Global,283,230,333
2017,CD,Prevalence,Global,275,227,334
2016,CD,Prevalence,Global,256,198,307
2015,CD,Prevalence,Global,250,207,293
2014,CD,Prevalence,Global,245,189,306
2013,CD,Prevalence,Global,234,187,290
2012,CD,Prevalence,Global,232,176,304
2011,CD,Prevalence,Global,222,180,273
2010,CD,Prevalence,Global,237,207,267
2009,CD,Prevalence,Global,229,196,260
2008,CD,Prevalence,Global,222,194,259
2007,CD,Prevalence,Global,215,184,257
